frecuencia_cardiaca,potencia,cadencia,tiempo,temperatura,pendiente,velocidad
175,218,99,33.14445708868326,21.142257029504226,-3.602479916899712,12.425157042658729
155,225,95,132.89515810240334,32.37775626441024,-2.1382717493747863,47.96834507482049
127,122,102,84.65014488132732,37.88817632265968,11.652364286489869,41.73576057221391
169,446,80,8.650699376019167,13.418699041429516,9.102988466709256,45.78571190310538
109,232,80,152.07917109846338,21.27978669823934,10.305461557262616,13.62886808939724
179,194,94,96.44085853604156,35.53522782558312,8.497825178256104,36.67417684057071
92,321,83,89.76972832545711,26.488481311567732,9.95766551513972,22.399997486871573
186,327,65,100.06574101324269,20.62708721334324,5.64499491708335,35.78364698969374
137,180,82,40.62619905989247,12.85035096976914,4.342922164276441,35.41774582638091
112,245,104,104.98081483592549,17.309701481916,10.609535993587178,20.75872126381544
133,352,64,96.2205546315726,35.940585761006204,6.078354618009241,29.94283198022837
109,326,61,96.3027581613373,31.088303229360303,4.271479060711142,25.22758724643463
156,283,78,77.78378907571464,14.910514043959044,7.747462995419927,27.77461396966057
165,389,64,89.18582967271513,39.30175715987737,11.099611791558292,11.76647744711325
188,376,99,118.83953836355026,30.930118825602253,5.185049945685528,25.48949084712384
120,100,67,67.61523641244749,36.47378321368299,2.985643970841624,26.266962799943325
187,350,81,102.72221770205964,11.938500395322585,-4.572586709286364,38.9992467969621
159,134,87,144.43961987620483,22.55741864871806,6.200026192381198,22.60588156530213
170,243,96,133.66221454160424,32.64513459822543,7.328154316465643,37.005602445986725
144,277,97,37.457759175926434,10.077520445349473,9.397618377505518,31.965213451086907
145,263,86,59.59159833664783,16.97936615688043,-1.1520245961947388,34.13167222859772
131,157,95,143.04122182738024,24.380633204135552,7.907228462034329,43.530614381828194
143,385,63,12.640790098788209,13.757007112984814,-4.964234666009982,19.83229757224612
104,441,70,148.49071054641752,14.852926340563288,4.813245423066423,35.908526842516864
108,244,92,40.647718623347984,24.449045396045868,9.248587120382716,41.07712041308902
176,319,84,103.48130011009196,22.143952872555992,0.7868993369426001,31.229494211473437
102,102,104,125.04435379702224,22.06981374059668,9.203164018499567,49.98175674876377
186,146,99,154.48671053077405,26.93323272036648,9.270835461513038,18.930535420207853
162,232,92,161.5339879194118,21.47578840732025,8.990293585765263,45.020449062104646
103,205,66,43.59819686140657,13.32423886539421,-3.431158534754627,30.508809912505125
148,356,99,145.69597139515707,15.53755388611099,-3.4897158335114056,42.87706543759719
97,198,95,154.13386833572636,27.41425020150024,0.4343361514892603,47.7193526726417
119,430,109,60.50925043394476,21.30742494209116,-4.018402118224046,34.636476627068845
129,232,106,89.41236677152853,37.90956654513471,10.155160265599616,45.90698690711827
124,273,63,32.534615447942045,14.779120618569408,8.927336782814839,29.03870924046624
142,401,60,133.1475662573129,30.142740085918437,3.4533508153496992,18.44449884664545
90,402,70,72.13214557098381,13.661051563731853,8.640023595707492,15.260730676655117
122,199,69,103.11850895061497,21.99715620412469,0.2478786373443195,10.092701916192556
177,353,95,135.38629592103857,25.69254173745354,5.615232590019376,39.32204759439973
108,197,75,131.74992892212208,13.064485889726145,-0.534514075822921,31.874385639005048
124,189,89,12.892618513556556,26.060743055279826,-2.2524632081401856,31.959217977665677
148,100,68,140.2439865029408,28.58493254222763,4.055490074946434,31.93528144782616
179,130,96,71.5734482407396,37.28170576025188,3.362828701797394,22.353376960293637
129,372,106,95.69556416836863,20.30681424327112,2.6092499854436886,26.09786549734676
162,323,91,80.81818107003973,17.980578340161422,0.7938668964273923,29.892497846758896
109,204,99,136.10328684272454,29.760764386223308,-0.3833309992323226,17.212317416911127
110,424,109,68.82201865502853,31.529073577258885,0.7504727906499227,13.59248617131096
148,235,86,131.7739677074705,15.212577869868834,5.179741038519355,12.388659558835574
125,441,108,119.97217507378627,35.78695694940838,-2.761211545975345,48.49240811951137
105,218,95,27.004764566163544,27.98106896988801,-2.4230670212120407,10.826854755676178
110,384,79,12.72895159926753,34.671802564511744,0.8806476075288021,48.861321695623545
100,250,92,168.02816045582324,29.048801367730995,-2.9186237278980025,47.45284615876627
140,278,90,17.255198505807428,27.80615707369441,6.291194546592095,37.910251042937176
91,388,70,144.18482164284205,28.520552722389223,8.391121263971048,23.33629288636442
183,388,84,55.51997921786167,27.57430437915706,-2.7496695564054683,29.300016809414423
158,294,103,140.80003623120015,26.186686614865152,10.472288825296282,27.100073253124467
161,185,63,14.02926616527425,31.464727212978232,5.5348904833900665,20.241902604198174
91,221,66,138.016463726667,28.99568878040392,9.017091737479548,38.40541727192263
122,226,81,26.519891492684675,21.561276491420852,11.616686005836254,22.403381533710203
181,134,88,56.97550337960439,14.491119038708732,4.262411904436766,21.700603642829677
98,438,89,52.76789059985512,39.86441472112772,9.5668569132766,44.66191926996348
171,197,102,157.5707363202962,36.874437921156456,7.2636886688069,42.33101758223751
165,301,88,30.11991335689375,10.68798433804126,11.50261661251322,30.70385205262088
138,246,61,75.78495369432387,35.78247379841767,7.240136674272923,10.226632581182692
175,112,94,49.67864182747557,25.608897307559623,9.055854554539122,41.22927412803604
108,417,96,157.05760946959992,23.851984408371464,6.572850180328254,43.73112363745609
147,279,82,159.87471239157418,34.69522046786981,11.445055022400677,23.671296189470468
176,168,79,179.8868624240211,36.90142869520367,8.121581345087563,39.36119050357225
149,141,93,106.00741642455591,39.73379295463912,0.1083195552073501,18.53573391902758
178,322,88,85.05061711039878,21.35429270457607,8.576085630506771,15.197196981428052
151,346,76,158.41644112592866,12.611168877629758,4.22327865772219,38.92597945858518
140,400,65,102.33180363195748,21.73128289174523,-0.6824271322755795,25.789374153793126
137,434,78,92.57792909787976,18.48237068736286,10.205693466011947,35.00116744340823
97,156,86,54.24341810106719,15.114338145217529,0.4911903725656348,14.640907253926772
177,124,88,11.198914473245388,12.663021823233054,11.8030718200053,26.895380887372237
155,225,103,136.89729595884086,27.254900514898747,1.9412078269106685,46.44274811069535
126,232,99,59.62590992187824,27.315183498626503,4.847528014948956,11.312384965144338
117,289,67,139.9222511931237,34.87997215423852,10.280405599064204,23.209711173456213
167,382,86,167.76581133920428,20.250235056907627,-3.079965457010049,10.115250066624585
182,416,109,106.39760738511264,28.35821516011993,5.034854230203715,18.178435442188476
184,449,65,171.0020870990009,21.25779713327999,1.4414747269998447,47.240398835412
166,312,105,70.07086761677681,36.28315577794128,2.1645487068472065,13.05539779965824
106,402,101,177.67127156250328,13.741421707341717,-1.1157253051688971,17.644748379840106
100,264,108,169.71656324066765,24.863563103829453,10.4254628001184,31.089306430156505
186,200,68,66.00039176734484,32.41658763226113,0.5389929985956465,36.60584776953621
154,240,71,33.070018432762616,11.893270992374504,9.95697253717882,14.439100983405924
106,376,105,81.50394304294464,20.271509081006396,1.8662636908921035,40.52433454405233
167,214,94,24.156829768845157,15.353378956833163,-0.65661314085472,18.77095847695503
185,358,85,27.98364712164116,22.91011532526764,2.6473175355335075,37.02320367801039
125,118,77,27.47852566630849,19.675839335392453,-3.689673796825169,36.674666422036864
150,161,76,164.99139029150723,18.268370160368363,5.053914910182298,12.835663035651416
182,111,104,155.1475944364735,23.014015367643157,-3.3191485001091983,24.57416953712928
155,212,84,156.23783109297955,32.68793973674357,4.5147035622449785,10.40362426756099
128,358,109,41.81117648580201,17.591752984023536,-4.950342445436846,36.97395916093876
160,151,92,73.45470906406646,20.88832815537976,11.451849910757607,32.599374307010144
159,104,87,44.4695249276537,11.278996278610984,6.805657754222048,31.55252036158476
92,221,90,23.5209664200022,21.42728576532961,-3.5179490468588703,44.35826741682518
176,316,76,115.2111365243268,22.035637421169483,10.248284817200084,38.86886210868717
168,420,79,5.900404882075084,36.20009985171544,2.4035927247687088,39.21985443835161
181,191,91,75.87863983905626,32.74555033229612,4.223084265048275,45.55549696014519
141,211,98,81.68016062209784,11.6840831024863,-4.354313424072491,41.286850523649846
163,251,99,45.34960926587833,20.23270073422662,-1.6746423582432444,21.59880475774436
113,385,108,111.27862844596746,28.87896418032209,-3.900322810242763,47.89580998345787
104,190,85,70.92168834768978,14.238341478265172,6.139800964758189,33.167010214988885
183,281,102,102.97275465404516,25.974435776782784,6.588381200827541,37.287755225064416
116,263,105,32.81419957343239,10.530634288397716,7.030701547620518,27.42030501888763
185,140,66,87.51818051793973,29.622273861159943,11.813482091952956,36.03829340472291
143,376,63,176.9078401390143,11.753638423256618,0.842274274354752,44.67733873407535
179,342,78,103.60181228598027,37.11739990781124,7.828560767176061,27.183837743042588
150,294,94,75.92928204000509,31.838415301922296,8.7363847084114,23.05353723727949
100,388,108,119.01590669039632,17.975534099629407,10.481501850397374,37.599989492357736
124,138,92,49.21359144315489,22.28433559015612,11.950328670388249,11.691669968907249
127,165,67,131.84464797796022,39.27972548796377,7.407625250424132,41.37683432013671
137,153,60,142.09897703978257,20.645240807706717,8.909513368720209,44.16887625363472
159,276,89,31.176612466824007,13.815992880623488,-2.1001075035294696,11.782552937947166
117,107,89,86.5172412285435,19.601794975629502,2.63050221847004,27.255225950962988
112,107,96,83.11451313970247,30.351364685654254,4.863765819345499,18.14313510185442
181,277,103,156.92149236084293,31.72952409029984,9.913449968045052,49.60835574350486
186,194,97,72.17325157686435,11.615746209940784,4.052375890431492,18.9956086726365
133,319,102,84.39638605592447,38.914668264470535,-0.4477965166983191,34.78938285732357
152,172,63,159.6491921906317,15.818616018033246,3.698583571885699,39.06996896672787
90,152,87,140.7658287637673,34.75396587786111,5.269218510210727,49.79925477300372
104,435,68,79.69298491460127,22.735822755890855,1.8676238975513204,25.96400752294892
92,302,96,148.2874875874914,18.332578712477837,-4.5380247264556495,25.303212942825414
180,106,106,47.92496814468355,25.20515295461448,-0.676526319968616,44.63280660889421
138,150,89,17.098237582658403,14.520283231296322,9.48130102685711,26.03767049892187
127,411,100,109.70727139642472,35.02910097864303,9.76537560744491,42.39440749442345
114,124,106,176.26047529509282,13.67130271975534,-1.9880942703782865,16.883569171810375
105,387,69,148.75212740172665,11.140655447123647,9.520311960058573,46.775496182906906
173,341,81,86.7793841440892,32.99968405601218,9.8263069003821,26.05224096878849
177,243,98,88.41844495781447,23.390570535929264,-3.000052201291472,32.87236654428615
104,282,74,172.52229602208195,17.946863417102,0.3099347320537307,16.34496578105512
152,244,99,173.58569574356983,34.753920029983455,1.0551560009991006,32.403667897735815
172,319,92,107.94615746973794,22.925862746141,0.3582218586551029,18.82981953811127
108,192,103,115.69459331460357,30.558940483476203,2.9323323398526693,15.752574012592548
143,142,61,111.08302487320502,26.320497375482542,5.843910575281777,11.100767405616612
137,439,77,133.68630226650671,30.279468267590666,5.989651532118318,49.69769157499116
152,231,67,137.41126566236358,25.034589975460293,-4.47103480140492,47.23229189265959
116,438,86,86.45725153474713,18.39110615414437,-1.748572895452026,24.846464591429672
134,247,107,35.406858178824194,19.41183073582288,10.361333353895516,38.37531868349564
156,147,101,71.38775323642416,35.441433733923155,8.45924440744289,31.28086715937007
173,216,87,15.136080597789702,34.75602302246705,-4.996797207538108,38.99425997260068
131,210,102,110.10666994559132,29.126597934106893,8.884867812031978,23.784163377902384
177,337,106,59.74959988847782,29.640792442940445,7.451628441247527,11.2219782837352
149,317,102,46.47987499395883,36.44352339025065,1.6805618308699517,43.06987072104988
130,332,66,114.01404201364576,30.40395793310354,-4.432478769631519,23.614829852230507
133,135,67,75.27654137446031,31.735505541958545,-3.4120644764199746,19.38613767103397
151,357,68,78.06356470488112,34.472459305128424,8.458899803706979,21.21337843166084
188,351,83,112.75485383989248,17.8213989975975,6.4683334995756745,11.842269367598256
118,445,99,148.2688985874723,34.5620501222281,-3.7645951826297233,11.72027807467758
102,449,62,158.6309528322323,16.766239897771978,4.338482149853958,41.90189442148798
98,358,66,168.66031767740543,39.12249873012011,-0.2770247627105142,48.1158718399131
108,251,89,118.5880652890188,38.120598826475934,11.483331356417622,30.04351521048788
161,328,85,5.180158972985844,10.009975183614682,-2.8332826898112278,17.269567628378518
188,405,88,170.78633096043177,38.26946169019578,8.883596982662208,48.6821072570414
113,106,69,88.98198927861282,21.630207842511822,-2.789187697310642,23.47858902869826
90,293,95,127.32337915692784,20.389653057670102,7.224316605015545,17.440920000226626
147,418,80,67.86888088534297,25.724775121784862,1.559866549216971,31.868020822270733
94,104,95,38.11376946237603,17.171659965917968,2.1420183734113243,32.08277458613512
138,210,78,144.21431504687055,18.9833053147566,11.99513467065054,15.005010285669876
179,133,69,12.207111673872545,32.38621772445516,-4.158553490607668,17.043818853223787
130,285,69,98.20544089513336,19.02559325059765,6.676636960475495,37.03390985857346
119,269,76,108.76071997056182,32.30271358229828,9.649622413611022,31.78023076196912
169,183,73,96.88051265054692,23.272298094420087,-2.177416671924677,17.56158098910127
136,269,61,46.77075547767807,16.820719002882964,-0.8462210066300759,40.83122473055519
157,181,80,164.57130611798445,27.464446893399167,-1.256169876585643,49.26613295409791
151,332,64,47.7257758239155,21.14266005619137,-1.004367348334973,16.36100014961045
171,316,99,50.54083939151728,34.95589339754266,5.429043356865996,41.32066549266931
132,313,86,14.046946517267218,33.41199328441824,-2.691586199913069,35.62542371210346
94,141,61,13.53712679280529,10.037100392782284,-2.792950367820801,43.76994809623274
133,411,108,87.8754304761405,38.58392582803883,9.861854310351976,20.667007866479103
126,119,60,22.883883446400823,21.59382523477441,6.888361377145463,39.56106231151835
158,341,79,48.319492230590654,15.965688333258878,11.249016223252788,23.49360564068094
122,354,96,142.17069684830085,12.47852990377806,-4.237489343599333,48.40671138914982
108,367,67,114.42831553744088,33.51528030303022,-0.1624408700307418,25.711751032373733
110,282,64,54.67454250651288,26.734396765332097,8.940214695029052,15.927117129197818
122,220,93,122.14332025538825,32.27044151717527,7.952415942251061,30.62637623425814
113,436,100,67.42810928200029,34.98041408041129,-3.278581451542298,12.453238225731305
188,304,62,40.15034072590148,23.298192623308548,5.044746501607706,18.76469917879753
96,221,69,24.15705050952943,24.24659630518656,-4.50080929525933,20.169255349947825
109,350,82,120.64352070236887,34.9160336921452,4.771252422495058,19.28159315604424
91,285,76,135.52147710541877,29.67171017684969,-3.903648388764152,36.86569126184119
149,210,76,8.041463282458936,36.227874118307135,1.29674876668021,26.23004674460244
92,447,77,82.4022834166593,16.866838145398408,-3.7379051591974304,47.49513752657283
123,320,90,159.50859709905572,10.600790677774734,11.548775629594942,15.184026047817678
146,338,80,175.29210591231063,31.702142968368587,3.05810928421365,40.49931537902212
91,194,105,171.52124551218222,34.063916743827626,9.346718414399309,10.52118271028335
147,245,95,156.30654629213143,34.04100747458557,4.262070178268175,13.92939968756322
135,445,84,6.580320722671294,14.825445218732389,10.124084561298629,21.809672099585686
137,138,92,161.83872796988172,11.06712601106645,2.868483235269461,43.1756650783405
153,283,68,151.29966116171164,32.59562007740209,-3.56532953074278,38.76639587778276
126,261,91,112.26523060148104,23.85840810012867,1.7455464004673802,37.93244628910291
121,125,97,98.36458692744672,10.330948427873974,9.401371324794344,24.48705019194913
148,133,60,93.34785433127811,10.381446699606805,5.177770839424655,32.95365016418053
90,168,86,12.765916118316436,20.007086484166013,7.575415645454191,46.28799286242489
146,100,64,170.77713044485915,14.175940738525895,8.725732515779173,11.256872860450915
164,306,92,12.131968566182731,36.96702472018706,10.80025380604294,44.2082794007348
187,185,70,37.96108965898025,30.8624694498416,4.048378029532595,24.468410194383225
123,174,75,117.4507945657582,24.16181302590995,1.1585574806760492,42.351599382541536
112,328,108,109.38495812244878,10.210876114408574,3.354109017985465,14.739694350736023
134,393,105,49.48930148206132,16.763162663910816,11.912585542008465,15.984057981078102
142,311,88,31.89015667819472,21.612362810068923,2.296104087738067,39.02508801097663
173,174,93,108.82376345428128,30.02051194139285,9.998395453612408,25.079421677051204
112,266,71,25.27267493654509,31.64266201986195,-2.1587558049892386,28.726165652041217
188,173,67,133.4342358168978,33.637059648767945,10.32203218316903,14.192322599902884
159,351,80,49.18903119546689,35.54345912653796,11.426137982015568,24.709346032204397
92,381,91,74.22038967899452,29.55131943732905,8.409638486391113,40.44353224095502
91,300,108,20.953785821083542,15.30661435431563,-0.1500642479256209,18.199248381072657
152,152,97,62.58398893972743,38.8499720786444,3.251102713718081,25.092546456252943
124,208,63,5.889374468154544,22.680673401885684,11.656301783526873,32.58516203989053
116,348,71,119.626634295619,39.35191836401788,9.093301453273348,19.14777637601459
91,415,102,40.06285012102472,35.44047655748204,9.913070771757408,33.28835039072925
91,279,71,99.48352191288718,24.10957162305357,-2.154884536643325,45.30937522693688
136,391,93,141.81330772288015,32.48636453406665,4.0284508630491285,38.925130955302166
161,262,97,178.50818365038342,13.594870060529392,-1.434199889377417,17.31228946627602
96,359,91,126.30893964396915,11.434924611823163,4.129127301973092,28.358539175091945
131,315,99,20.497227239067243,10.05639650574732,2.040553813579855,45.84163198628876
154,305,106,155.52219287313665,11.57016627359525,0.3237539118937995,43.068586397240736
135,121,76,120.95872382645608,13.177921376754789,-1.1532551603580594,20.212363060157266
189,265,107,99.93376125088932,25.623044255026382,-0.6361981187292205,16.152280985664312
151,338,83,120.8696017686488,30.14675330839112,-3.117276429577712,29.01626431400295
143,182,102,121.72001547340878,30.57733813149591,7.4878246930640255,15.686817868155822
92,132,89,168.20323414941925,25.455255110011947,-2.6036863321299224,33.08162657847643
95,414,76,136.6748584577252,14.958823329105236,7.085040183599425,31.97239085920416
136,192,73,164.3093428600685,24.186758968995463,6.2136992287106185,43.68922985375792
131,272,98,176.05661760508752,39.64825813000394,3.062903147331429,30.90158866928213
189,289,91,26.05928335612429,28.096582306401167,-3.401386224617472,14.798147720955598
145,402,76,85.8670258839906,28.56844579023165,3.929075877842722,16.55524095121929
151,157,68,154.17256535976335,13.652857333758243,1.6259095862503656,11.666272735307295
174,381,85,82.35426541200006,36.39449457825816,-2.184318100519489,40.956248870826606
185,391,82,50.270457872133896,21.91536332287633,7.568010497801143,15.028970759689049
113,317,85,132.92914250519928,15.91462379718632,-2.824200454929032,31.08904723359201
169,379,96,96.02941922877808,37.53257467514132,-1.1340385703565583,14.176165189923257
178,349,103,82.18062830592828,13.696679625164982,-4.625402274942429,12.761181635513983
121,225,92,8.224850779188056,14.613734490040931,9.728570742272815,41.28061339731869
188,267,104,63.45155378041663,13.52947085420676,3.932393513276778,35.37696581146335
175,356,76,128.44247896963563,32.76029170333015,9.309297149659496,18.02241004291932
111,152,64,94.94927686652689,30.143648046839296,-2.639187451259211,43.89086670887438
170,189,93,61.12997957667231,16.624078893569173,7.41418450053248,28.9360352597965
174,161,61,109.52296267530969,28.514673501869403,4.482943262796423,14.109930098096935
93,429,70,106.63251126478237,33.09834100755037,-0.0600114832919631,43.68297749594317
144,355,108,174.3144711324111,30.42924481714733,3.3023686927099583,31.09060723661026
90,105,108,7.5667349830961665,13.9404822443472,2.5008031321405517,48.09868466751387
184,133,68,109.77494651751884,34.352566505971296,1.2908896894623396,28.40009582323196
151,416,63,139.8994689946732,28.191128333001267,-1.043026499278091,47.953838233245214
140,251,83,5.041566625779802,13.369130332336574,-1.1555001229710071,22.245493635183728
182,272,67,48.06219028964969,35.34368308858065,-4.94614657412807,35.119735304163925
125,373,87,106.5196401967069,13.124120737608624,2.550171123817777,31.69884013850624
113,113,106,57.21552542324871,24.53804761056594,4.506141716098551,32.72370049351469
183,150,88,61.366572888383686,13.170804397188222,2.6069584024817827,48.12080084715597
148,338,72,177.26149629550818,14.477133338505284,-2.197980519105045,19.210036828420588
115,253,93,23.07906749670274,15.351177529219894,1.7223825558795447,42.72106996554772
150,284,78,122.23555629625686,25.63702397456003,4.5538784069357146,11.231601986417914
169,366,82,86.30475441126677,35.93981176421253,11.117841442914518,26.62568746743623
141,133,94,165.76861447386324,15.204402227978717,-2.4411346417219697,44.01886459043351
115,118,65,179.35876076617674,29.205046714844983,-2.129478486479336,45.829069037046914
143,127,83,130.11170703539335,33.76280901281629,0.6169360658881553,19.56635111128972
176,138,80,169.4684635871973,19.663240126875564,8.150161156087586,20.75386969811373
151,429,84,10.477904905815343,33.48088122232448,-3.838204095951573,34.24586259733919
160,272,106,80.64213718118965,16.70843303488934,-1.3359922305473586,31.75222911464949
142,441,99,95.16838675507702,30.088078484018855,1.172712522778177,38.60154875402735
101,253,82,109.08591154096382,25.257378683427355,2.4551543051364035,39.28490427371823
141,371,70,164.1667894158682,15.332991635537446,-4.215899406292525,18.28379672706285
149,314,67,154.2438187960827,22.71834438739906,7.893225303774889,16.093183578581417
110,367,64,14.219671296015004,29.398177402685803,-3.341437325931905,14.03764799910086
131,424,61,99.22026081663782,18.858348676609303,6.623819794809723,42.36732684556125
185,198,78,30.53636295615045,38.28493424239785,3.0392512577853825,28.3439177405536
157,129,66,19.267135671674676,14.69915310921425,8.606032943397913,48.19387972153872
98,326,95,86.99439793450226,28.07659491528595,11.537197489165456,23.28397461572546
175,327,79,24.79421833840028,32.00847490126937,4.910735244798241,14.881219772873946
111,322,69,97.79639821110752,25.67443121548355,-1.8887374480096384,35.316253227137366
154,114,102,64.9643604211602,11.584118814055843,-3.5005710355721984,26.57878862157373
90,291,83,32.86800419887128,25.7651386590592,4.032380849657004,32.45174171793611
148,316,88,131.33033488721364,28.422439335542084,6.499248159752668,47.96284785259376
149,447,78,122.31745521202214,29.77106602611042,9.166390215041211,18.558281547529475
93,374,105,62.125875888076266,30.229114192271453,-4.935108719886099,12.087945161798864
97,291,60,98.14287304460234,24.597929867312597,5.316914806807809,40.153188022768745
175,329,88,156.9281407090207,28.25459237979374,0.3390335148764434,25.4048047961
160,436,70,130.22183016599234,14.58951402485688,7.819830565374788,20.646720500621495
126,108,88,156.286254053786,17.711417992962396,11.79711463309716,49.97864992862523
101,314,72,15.765479591866134,39.22493885884047,1.4434611457246556,21.13757633001738
147,236,93,115.28653095760023,28.93511937870119,3.719341074502358,31.371622075747037
164,146,108,102.26615175150644,12.138408101654916,-3.53078161703671,40.50385578776701
122,434,77,91.32344818716491,28.494991806852504,6.309965733626939,49.60345504269928
136,249,102,24.094185559006203,27.59437276566121,5.08124650613016,30.26690595930983
97,363,96,53.52148799693538,36.07778873953158,-2.853685692525571,33.33029969824462
169,335,62,112.14514752920265,22.36392790788315,4.037190898275325,40.923561667898646
111,138,97,25.17435371827477,15.836749695559028,1.6886133915810566,35.77881108484135
166,316,97,5.19601950901916,26.99726086514256,9.343534548914311,11.437546996862132
151,439,74,178.30972983481098,25.79497582461343,5.419302734653137,10.979937930706091
188,177,81,74.41546086012335,32.251361845387905,-4.53385473046482,13.802121821307711
105,103,94,162.74073867797776,35.581840596271334,7.679620656659203,14.975313249652974
179,306,82,10.98285903935268,25.06150640465341,11.52442936044205,12.07603774349236
101,255,97,155.03801611618726,30.74854166707958,4.641903258629554,16.09311142650715
139,184,63,19.438993527073723,36.68172748386533,3.040512883623673,35.461545870134174
121,399,108,32.32867283863044,39.45907571338436,-0.8025737466510448,35.286379967458295
104,372,70,133.2573107097348,29.09471953147462,11.66185287103404,35.137361896759955
122,372,88,115.0338431860404,37.849525985457305,5.983634975086071,34.88158249483975
121,145,85,8.125831183705891,14.01411208838466,4.7469388757987065,43.88777756134327
168,242,68,151.9907538176826,32.62760633031589,5.680047877875783,36.52029384567104
141,111,94,173.5664143520231,12.238894430112452,-2.9557971493015143,43.1905248115058
121,217,109,57.29628010902992,39.74765226610822,-4.245407873095474,25.80823705239881
149,381,68,60.66952188317091,16.088091027247067,7.42390648810075,40.58876565905116
105,164,66,62.03695619161311,29.38270370387524,2.8953650158342272,37.60386232951374
185,103,83,137.88525738650154,10.402078792964968,7.337179874739135,37.086096498306944
90,319,71,34.47776739997594,37.67869174263369,10.618490080308415,45.17364080706112
113,412,67,101.77525420359272,12.061384975548034,-4.495640207899423,28.329386015713357
187,250,79,178.62333035961765,32.44575717936993,11.851474854471764,48.252803735501104
141,105,60,104.90828782272877,12.292505783141545,-0.427697920949992,44.55846322940041
151,246,82,170.25313611762022,20.94394657433588,9.04266387833172,23.6721482196873
185,351,85,19.717189281897312,28.838501583179077,0.3536330064204502,48.98367245341319
153,262,94,72.193680735952,29.13955617379893,2.286719298498088,35.28359318024969
128,107,61,173.7910826472865,28.54155022861558,-0.1749164006001553,45.97820850184407
116,352,97,102.674543678926,35.25911114490126,-3.2105938516507893,27.49927706432839
151,272,100,118.32538759533382,12.398961830779058,-2.809571895995668,20.69010519174381
125,440,106,81.75626288566922,16.8352725262933,1.6278300000062496,43.41631323368504
109,162,89,175.5724740773707,34.32057783958798,5.873294540020591,24.170710593641864
104,364,101,11.101403040919358,23.70575934641106,7.454798989914158,13.30861846097414
149,143,93,74.70029219573622,17.66934993427817,-3.0970892406339843,29.130395367808937
114,155,70,107.87976494431771,30.636523296397453,3.793069489143642,21.60116774595624
182,253,65,118.1663608455036,26.4824271529136,9.50252359786206,19.61529554797935
152,166,81,8.065298400860891,17.075727974310613,6.515584465818186,27.95254582986424
98,135,76,100.49520548670785,11.7184075323287,3.8815504718928953,48.4605335593234
128,164,109,11.579435311095652,20.823175573318,2.822758496303474,37.26994576360645
96,337,85,61.547864987298745,25.30329137496476,1.3716606522905384,18.819537387564257
179,198,99,16.372621659506454,23.37372743731687,1.7554836382503805,28.526908670053672
133,404,80,149.5361340149819,16.352660519964353,5.562856453310003,32.825984955237395
149,115,60,134.12475920864188,15.55685339642229,11.668785974018803,38.00137091088418
179,382,88,171.71351165677547,38.68666571946845,8.374755697625428,47.14641148059532
103,127,85,28.22506441837354,28.064369321574432,-4.474060039567187,20.76078587193242
133,104,82,22.04384369687163,22.40249347885784,-3.6805510395655054,42.92643322835437
167,378,84,145.13469524772813,27.8725218456687,-1.6707061860223789,42.95112360404661
165,168,61,139.35168041168654,24.8814351603966,10.096664094122003,25.45292692305864
152,194,103,56.95212304804914,23.055411977660704,-4.414158589775,32.35922536399096
178,142,68,52.545219937075714,26.69911173810152,8.378492293600328,19.689248712982675
140,334,101,74.21515472357767,17.752948608754544,-2.0785758174393933,48.97488954717031
156,276,89,163.86826427231202,13.994350125342908,11.50302551007131,40.43417378057983
164,296,66,37.45530306841451,15.690845445240315,7.538617734578056,46.25683855657747
92,440,73,38.704829862485326,24.375496883308,9.996305442795022,35.30176439863311
114,325,73,62.57805161756588,12.077629188575798,0.0443698987695295,42.3231712942332
137,367,82,11.428089049657384,33.17868182348148,-0.3004912600822669,26.057825236527744
156,313,82,30.507399442831545,34.453551534411034,11.092955377890288,28.531746130911877
171,122,61,65.55289933784692,33.43511271360758,-4.323978595194317,15.479962522146856
132,301,72,6.587670814226868,16.359474727067155,11.85962449185326,13.413653459372997
122,346,69,75.57073819667056,11.312068776399084,6.265296722009044,29.78700758365133
105,193,80,153.25428824020048,18.271595592866568,5.235988751031252,30.060618459189357
177,175,74,100.16130889954486,12.787874331381698,7.912900971948741,35.37358958844817
113,402,62,89.15817050357235,25.439727597205348,2.660149322713278,40.5431627546629
151,139,103,100.98745128900843,33.40639190290307,0.1416071309194579,29.29057445008769
155,437,75,80.88968344236805,19.66646510333885,9.66896854951101,20.152843126267797
106,109,79,5.215571154124531,19.705011847344213,-4.445023481723633,35.71275659200697
103,384,71,21.047383644500275,19.06181505504385,1.051547354512496,15.807860515386412
153,221,69,77.28045556334698,24.651823901948188,1.5856739563672084,43.83398201839871
107,267,73,88.96173219988833,37.17673314363281,7.737823115828199,14.517265707440451
142,279,61,110.86693647084464,38.50938258791776,2.8445737020843147,14.75497564708288
117,319,71,36.412031599170845,37.98192221428764,7.97363995140112,19.67555534216584
147,210,106,139.49088879166345,32.9976557191493,-2.1908851424757456,42.14072433739737
178,259,99,83.04270372680625,16.976540750961405,1.487402977742402,28.19675558030348
158,302,75,31.07357479478408,21.13621281669995,11.9340901438705,44.027210424193854
164,143,88,178.27596523136324,24.347020691442168,1.451549357370216,25.90590318368145
102,138,84,54.58501594647678,10.686814749283608,0.7864615753334734,42.93237719282872
91,352,99,5.585613357521364,34.28589927305325,0.7762170165520468,44.53603067428007
162,422,103,20.49509685738317,15.243203284821316,9.653777442872627,44.7577700911658
127,225,70,10.144028007388776,36.37805979993514,-2.3765333901876504,45.0942244882104
179,339,81,97.81201890244482,17.457407731448264,8.415734392008435,45.84300447178293
186,245,60,108.29618930498393,24.98001504935855,-2.6620958281107385,47.22427219386148
153,109,92,117.79566385951888,27.42796159788393,7.327647368368952,18.02604069615045
178,291,91,88.87381250085028,17.662404540556587,-0.6110546787501239,42.19012487958779
157,325,99,178.83396403775998,39.3894014510165,9.49348229232641,27.41296885820945
141,169,106,38.798251302776286,26.191978562798283,-3.192156653651832,39.48386201728205
181,301,109,17.672847625609762,21.590467295449464,-0.9394367731672296,25.674331856363157
111,208,92,150.40350848479846,11.876266806921054,9.121704678841306,17.207830165125916
186,416,81,109.01927536499544,33.30170891415078,2.0169391975224427,18.7922139529276
176,146,104,83.53607542049554,19.327867900226625,-4.23876634142064,42.99151425111147
158,349,87,112.90580182593295,21.627856944483085,-1.285332815979785,24.20164225807833
188,113,71,107.31737257745304,10.872141410318612,0.3245064381929587,20.112544243568024
119,304,79,107.91021616576386,19.50767432034835,-3.032460686462009,46.08945613848952
182,440,78,124.07990961288192,17.304339052146016,2.5691839088413992,22.076668003100075
161,328,87,33.69990917316201,33.47454773691814,-2.1915330312565477,34.12257224682066
103,264,102,173.2301754323588,34.7585832469869,7.574412112354983,38.786152664421216
122,334,106,95.31382857763292,32.11540675021729,0.7262885316387555,37.04432925657645
98,235,64,158.83750903992305,38.271610573066994,5.434216119866884,44.79052706726843
137,254,81,110.3246921408515,13.23831143939393,-1.3271267948013177,43.586386228351614
113,286,98,90.95760965200964,12.097948171283024,10.252167796398522,33.739430519037384
188,100,68,119.12156796782664,12.812707619366698,2.652097140092847,33.75209923238462
184,136,92,72.21585701096868,37.16574376989021,7.877192041420095,38.82620581132453
94,419,68,156.62676681733794,26.96649894764321,-2.484269494780809,36.842211354396575
110,150,92,78.21996301683923,27.95594727053097,5.137465820626261,29.26197361103417
147,323,85,132.97226172039498,17.961622275645837,-0.523631676195599,21.64576991140716
129,169,84,166.99309540412457,33.47745819554014,2.7939292176773822,10.642474599240243
122,280,81,126.75000124870628,34.65419331703261,6.154278306349871,47.20683861753698
156,399,84,88.42170813220285,18.0441706028654,5.883371296513605,19.90040292561648
91,349,62,96.42605081245456,25.96780640017121,-2.5355937695431106,49.62184131080534
181,272,73,123.30914500768202,25.183226645402527,-1.1455834903003188,40.492361280877546
93,213,78,144.64813137509208,29.138823799479106,4.485672559304877,40.38445714799186
134,383,74,161.611252214872,15.709745884572031,8.946417626632547,47.235494882432334
122,296,73,8.2143364645945,18.38103141804149,1.9185224637824856,29.2533350614266
116,210,82,143.76731655598553,16.631901143611856,4.009855889749119,40.070886921563726
176,124,98,46.04822633359502,16.295259845692282,9.25533665334808,15.197654890717647
149,199,62,86.09163093773348,27.78435974960268,5.167914699273306,28.67871999854443
